"identifier","date","rights","dc_contributor","dc_coverage","dc_creator","dc_date","dc_description","dc_format","dc_identifier","dc_language","dc_publisher","dc_relation","dc_rights","dc_source","dc_subject","dc_title","dc_type","tub_accessrights","tub_affiliation","doi"
"oai:depositonce.tu-berlin.de:11303/18358","2023-03-29T11:49:36Z","https://creativecommons.org/publicdomain/zero/1.0/",2,0,0,3,2,0,2,1,0,0,1,0,3,1,1,1,1,"10.14279/depositonce-17170"
"oai:depositonce.tu-berlin.de:11303/7813","2018-05-18T11:26:22Z","https://creativecommons.org/licenses/by/4.0/",4,0,0,3,2,0,2,1,0,1,1,0,8,1,1,1,4,"10.14279/depositonce-6988"
"oai:depositonce.tu-berlin.de:11303/10105","2019-10-15T10:20:46Z","https://creativecommons.org/licenses/by-nc/4.0/",2,0,0,3,2,0,2,1,0,1,1,0,9,1,1,1,4,"10.14279/depositonce-9093"
"oai:depositonce.tu-berlin.de:11303/23168","2024-11-15T07:31:43Z","https://creativecommons.org/licenses/by-sa/4.0/",3,0,0,3,2,0,2,1,0,0,1,0,9,1,1,1,1,"10.14279/depositonce-21982"
"oai:depositonce.tu-berlin.de:11303/7354","2018-01-24T11:45:06Z","http://rightsstatements.org/vocab/InC/1.0/",16,0,0,3,2,0,2,1,0,1,1,0,11,1,1,1,4,"10.14279/depositonce-6618"
"oai:depositonce.tu-berlin.de:11303/11487","2020-07-13T06:21:06Z","https://choosealicense.com/licenses/lgpl-3.0/",2,0,0,3,1,0,2,1,0,0,1,0,5,1,1,1,4,"10.14279/depositonce-10371"
"oai:depositonce.tu-berlin.de:11303/19508","2023-07-17T07:00:29Z","https://choosealicense.com/licenses/gpl-3.0/",2,0,0,3,1,0,2,1,0,0,1,0,7,1,1,1,1,"10.14279/depositonce-18307"
"oai:depositonce.tu-berlin.de:11303/12909","2021-05-12T10:00:03Z","https://choosealicense.com/licenses/gpl-3.0/",2,0,0,3,1,0,2,1,0,1,1,0,5,1,1,1,4,"10.14279/depositonce-11710"
"oai:depositonce.tu-berlin.de:11303/23297","2024-11-12T13:19:32Z","https://creativecommons.org/licenses/by/4.0/",2,0,0,3,2,0,2,1,0,1,1,0,8,1,1,1,1,"10.14279/depositonce-22111"
"oai:depositonce.tu-berlin.de:11303/22195","2024-07-31T10:20:57Z","https://creativecommons.org/licenses/by/4.0/",3,0,0,3,2,0,2,1,0,0,1,0,9,1,1,1,1,"10.14279/depositonce-20996"
"oai:depositonce.tu-berlin.de:11303/19071","2023-07-12T09:08:16Z","https://creativecommons.org/licenses/by/4.0/",1,0,0,3,1,0,2,1,0,7,1,0,6,1,1,1,1,"10.14279/depositonce-17868"
"oai:depositonce.tu-berlin.de:11303/19113","2023-06-06T14:04:53Z","https://creativecommons.org/licenses/by/4.0/",2,0,0,3,2,0,2,3,0,1,1,0,9,1,1,1,1,"10.14279/depositonce-17910"
"oai:depositonce.tu-berlin.de:11303/9552","2019-07-26T10:04:16Z","https://creativecommons.org/licenses/by-sa/4.0/",6,0,0,3,2,0,2,1,0,1,1,0,3,1,1,1,4,"10.14279/depositonce-8602"
"oai:depositonce.tu-berlin.de:11303/19117","2023-06-06T13:34:46Z","https://creativecommons.org/licenses/by/4.0/",2,0,0,3,2,0,2,3,0,1,1,0,9,1,1,1,1,"10.14279/depositonce-17914"
"oai:depositonce.tu-berlin.de:11303/19665","2023-07-31T12:18:19Z","https://creativecommons.org/licenses/by/4.0/",1,0,0,3,1,0,2,1,0,0,1,0,6,1,1,1,1,"10.14279/depositonce-18464"
"oai:depositonce.tu-berlin.de:11303/18282","2023-03-07T10:53:54Z","https://creativecommons.org/licenses/by-nc/4.0/",3,0,0,3,1,0,2,1,0,3,1,0,9,1,1,1,1,"10.14279/depositonce-17076"
"oai:depositonce.tu-berlin.de:11303/19820","2023-08-23T11:25:08Z","https://creativecommons.org/licenses/by/4.0/",2,0,0,3,1,0,2,1,0,0,1,0,6,1,1,1,1,"10.14279/depositonce-18619"
"oai:depositonce.tu-berlin.de:11303/18177","2023-02-08T15:14:09Z","https://creativecommons.org/licenses/by/4.0/",1,0,0,3,2,0,2,1,0,1,1,0,12,1,1,1,1,"10.14279/depositonce-16970"
"oai:depositonce.tu-berlin.de:11303/22211","2024-07-31T11:09:17Z","https://creativecommons.org/publicdomain/zero/1.0/",1,0,0,3,2,0,2,1,0,0,1,0,11,1,1,1,1,"10.14279/depositonce-21012"
"oai:depositonce.tu-berlin.de:11303/11163","2020-05-20T05:52:41Z","https://choosealicense.com/licenses/gpl-3.0/",1,0,0,3,2,0,2,1,0,1,1,0,3,1,1,1,3,"10.14279/depositonce-10054"
"oai:depositonce.tu-berlin.de:11303/11479.2","2021-03-24T08:42:22Z","https://creativecommons.org/licenses/by-nc-sa/4.0/",2,0,0,3,2,0,2,1,0,1,1,0,5,1,1,1,4,"10.14279/depositonce-10363.2"
"oai:depositonce.tu-berlin.de:11303/5266","2016-01-25T08:48:36Z","https://choosealicense.com/licenses/gpl-3.0/",2,0,0,3,1,0,2,1,0,1,1,0,5,1,1,1,4,"10.14279/depositonce-4957"
"oai:depositonce.tu-berlin.de:11303/10934.2","2020-05-13T05:49:42Z","https://creativecommons.org/licenses/by-nc-nd/4.0/",4,0,0,4,2,0,2,1,0,3,1,0,6,1,1,1,4,"10.14279/depositonce-9827.2"
"oai:depositonce.tu-berlin.de:11303/19078","2023-06-06T12:06:50Z","https://creativecommons.org/licenses/by/4.0/",2,0,0,3,2,0,2,3,0,1,1,0,9,1,1,1,1,"10.14279/depositonce-17875"
"oai:depositonce.tu-berlin.de:11303/20904","2023-12-21T07:13:41Z","https://creativecommons.org/licenses/by-nc/4.0/",2,0,0,3,2,0,2,1,0,3,1,0,7,1,1,1,2,"10.14279/depositonce-19702"
"oai:depositonce.tu-berlin.de:11303/12980","2021-06-04T12:39:33Z","https://creativecommons.org/publicdomain/zero/1.0/",3,0,0,3,1,0,2,1,0,1,1,0,10,1,1,1,3,"10.14279/depositonce-11775"
"oai:depositonce.tu-berlin.de:11303/12535","2021-03-12T09:13:28Z","https://creativecommons.org/licenses/by-sa/4.0/",4,0,0,3,1,0,2,1,0,1,1,0,6,1,1,1,4,"10.14279/depositonce-11354"
"oai:depositonce.tu-berlin.de:11303/13568","2021-11-10T09:11:47Z","https://creativecommons.org/licenses/by-nc/4.0/",4,0,0,3,1,0,2,1,0,1,1,0,5,1,1,1,4,"10.14279/depositonce-12355"
"oai:depositonce.tu-berlin.de:11303/8107","2018-08-17T06:45:27Z","http://rightsstatements.org/vocab/InC/1.0/",3,0,0,3,2,0,2,1,0,1,1,0,6,1,1,1,4,"10.14279/depositonce-7268"
"oai:depositonce.tu-berlin.de:11303/11235","2020-05-27T13:03:47Z","https://choosealicense.com/licenses/gpl-3.0/",3,0,0,3,1,0,2,1,0,0,1,0,4,1,1,1,4,"10.14279/depositonce-10123"
"oai:depositonce.tu-berlin.de:11303/20674","2023-11-29T08:10:05Z","https://creativecommons.org/licenses/by/4.0/",6,0,0,3,3,0,2,1,0,1,1,0,14,1,1,1,2,"10.14279/depositonce-19472"
"oai:depositonce.tu-berlin.de:11303/18998","2023-05-10T06:36:50Z","https://creativecommons.org/licenses/by-sa/4.0/",1,0,0,3,2,0,2,1,0,1,1,0,6,1,1,1,1,"10.14279/depositonce-17798"
"oai:depositonce.tu-berlin.de:11303/13262","2021-06-29T07:26:57Z","https://creativecommons.org/licenses/by/4.0/",3,0,0,3,2,0,2,1,0,1,1,0,9,1,1,1,4,"10.14279/depositonce-12054"
"oai:depositonce.tu-berlin.de:11303/19670","2023-07-31T11:20:21Z","https://creativecommons.org/licenses/by/4.0/",2,0,0,3,2,0,2,3,0,1,1,0,9,1,1,1,1,"10.14279/depositonce-18469"
"oai:depositonce.tu-berlin.de:11303/20326","2023-10-19T07:59:09Z","https://creativecommons.org/licenses/by/4.0/",2,0,0,3,2,0,2,1,0,1,1,0,11,1,1,1,1,"10.14279/depositonce-19124"
"oai:depositonce.tu-berlin.de:11303/20205","2023-10-13T13:41:04Z","https://creativecommons.org/licenses/by/4.0/",2,0,0,3,2,0,2,1,0,2,1,0,8,1,1,1,1,"10.14279/depositonce-19003"
"oai:depositonce.tu-berlin.de:11303/13716","2021-10-14T08:59:08Z","https://creativecommons.org/licenses/by/4.0/",4,0,0,3,2,0,2,1,0,0,1,0,4,1,1,1,4,"10.14279/depositonce-12492"
"oai:depositonce.tu-berlin.de:11303/10104","2019-10-15T10:20:30Z","https://creativecommons.org/licenses/by-nc/4.0/",2,0,0,3,2,0,2,1,0,1,1,0,9,1,1,1,4,"10.14279/depositonce-9092"
"oai:depositonce.tu-berlin.de:11303/5544","2016-06-09T09:29:27Z","https://creativecommons.org/licenses/by-nc-sa/4.0/",2,0,0,3,1,0,2,1,0,0,1,0,6,1,1,1,4,"10.14279/depositonce-5173"
"oai:depositonce.tu-berlin.de:11303/12637","2021-02-19T09:26:28Z","https://creativecommons.org/licenses/by/4.0/",2,0,0,3,1,0,2,1,0,0,1,0,5,1,1,1,4,"10.14279/depositonce-11447"
"oai:depositonce.tu-berlin.de:11303/22036","2024-07-11T07:19:16Z","https://creativecommons.org/licenses/by-nc-sa/4.0/",3,0,0,3,4,0,2,1,0,1,1,0,7,1,1,1,1,"10.14279/depositonce-20837"
"oai:depositonce.tu-berlin.de:11303/19808","2023-08-18T10:50:39Z","https://creativecommons.org/licenses/by/4.0/",2,0,0,3,1,0,2,1,0,1,1,0,8,1,1,1,1,"10.14279/depositonce-18607"
"oai:depositonce.tu-berlin.de:11303/17874","2022-12-22T09:19:39Z","https://creativecommons.org/licenses/by/4.0/",3,0,0,3,1,0,2,1,0,1,1,0,13,1,1,1,1,"10.14279/depositonce-16663"
"oai:depositonce.tu-berlin.de:11303/8200","2018-09-25T09:25:52Z","https://creativecommons.org/licenses/by/4.0/",1,0,0,3,1,0,2,1,0,0,1,0,4,1,1,1,4,"10.14279/depositonce-7355"
"oai:depositonce.tu-berlin.de:11303/19674","2023-08-18T05:42:02Z","https://creativecommons.org/licenses/by-nc-sa/4.0/",1,0,0,3,1,0,2,1,0,0,1,0,8,1,1,1,1,"10.14279/depositonce-18473"
"oai:depositonce.tu-berlin.de:11303/19123","2023-06-06T13:32:54Z","https://creativecommons.org/licenses/by/4.0/",2,0,0,3,2,0,2,3,0,1,1,0,9,1,1,1,1,"10.14279/depositonce-17920"
"oai:depositonce.tu-berlin.de:11303/9549","2019-07-03T13:07:40Z","http://rightsstatements.org/vocab/InC/1.0/",1,0,0,3,3,0,2,1,0,1,1,0,15,1,1,1,4,"10.14279/depositonce-8599"
"oai:depositonce.tu-berlin.de:11303/8979","2019-02-11T12:15:00Z","https://creativecommons.org/licenses/by-nc-nd/4.0/",6,0,0,3,2,0,2,1,0,2,1,0,5,1,1,1,4,"10.14279/depositonce-8102"
"oai:depositonce.tu-berlin.de:11303/19125","2023-06-06T13:57:48Z","https://creativecommons.org/licenses/by/4.0/",2,0,0,3,2,0,2,3,0,1,1,0,9,1,1,1,1,"10.14279/depositonce-17922"
"oai:depositonce.tu-berlin.de:11303/21201","2024-03-07T09:46:49Z","https://choosealicense.com/licenses/mit/",3,0,0,3,1,0,2,1,0,0,1,0,11,1,1,1,1,"10.14279/depositonce-20001"
"oai:depositonce.tu-berlin.de:11303/19412","2023-06-21T11:14:46Z","https://creativecommons.org/licenses/by/4.0/",2,0,0,3,2,0,2,3,0,1,1,0,9,1,1,1,1,"10.14279/depositonce-18208"
"oai:depositonce.tu-berlin.de:11303/12788","2021-03-12T09:04:51Z","https://choosealicense.com/licenses/mit/",2,0,0,3,2,0,2,1,0,0,1,0,4,1,1,1,4,"10.14279/depositonce-11588"
"oai:depositonce.tu-berlin.de:11303/19109","2023-06-06T13:48:17Z","https://creativecommons.org/licenses/by/4.0/",2,0,0,3,2,0,2,3,0,1,1,0,9,1,1,1,1,"10.14279/depositonce-17906"
"oai:depositonce.tu-berlin.de:11303/5548","2016-06-13T09:48:49Z","https://creativecommons.org/licenses/by-nc/4.0/",3,0,0,3,1,0,2,1,0,2,1,0,2,1,1,1,4,"10.14279/depositonce-5177"
"oai:depositonce.tu-berlin.de:11303/11750.3","2021-01-12T08:55:07Z","https://creativecommons.org/licenses/by/4.0/",3,0,0,3,1,0,2,1,0,1,1,0,10,1,1,1,3,"10.14279/depositonce-10638.3"
"oai:depositonce.tu-berlin.de:11303/19082","2023-06-06T11:51:34Z","https://creativecommons.org/licenses/by/4.0/",2,0,0,3,2,0,2,3,0,1,1,0,9,1,1,1,1,"10.14279/depositonce-17879"
"oai:depositonce.tu-berlin.de:11303/22656","2024-10-11T09:17:19Z","https://creativecommons.org/licenses/by/4.0/",5,0,0,3,2,0,2,1,0,0,1,0,12,1,1,1,1,"10.14279/depositonce-21457"
"oai:depositonce.tu-berlin.de:11303/19663","2023-07-31T12:18:09Z","https://creativecommons.org/licenses/by/4.0/",1,0,0,3,1,0,2,1,0,0,1,0,7,1,1,1,1,"10.14279/depositonce-18462"
"oai:depositonce.tu-berlin.de:11303/245.6","2016-03-07T17:14:52Z","https://creativecommons.org/licenses/by/4.0/",4,0,0,4,1,0,2,1,0,1,1,0,11,1,1,1,8,"10.14279/depositonce-87.6"
"oai:depositonce.tu-berlin.de:11303/19792","2023-08-24T05:47:28Z","https://creativecommons.org/licenses/by-nc/4.0/",2,0,0,3,1,0,2,2,0,0,1,0,17,1,1,1,1,"10.14279/depositonce-18591"
"oai:depositonce.tu-berlin.de:11303/18214","2023-02-16T07:53:45Z","https://creativecommons.org/licenses/by/4.0/",6,0,0,3,2,0,2,1,0,0,1,0,11,1,1,1,2,"10.14279/depositonce-17007"
"oai:depositonce.tu-berlin.de:11303/19122","2023-06-06T14:16:56Z","https://creativecommons.org/licenses/by/4.0/",2,0,0,3,2,0,2,3,0,1,1,0,9,1,1,1,1,"10.14279/depositonce-17919"
"oai:depositonce.tu-berlin.de:11303/243","2014-10-10T10:38:11Z","http://rightsstatements.org/vocab/InC/1.0/",1,0,0,3,3,0,2,1,0,0,1,0,4,1,1,1,4,"10.14279/depositonce-86"
"oai:depositonce.tu-berlin.de:11303/19688","2023-08-04T09:53:03Z","https://creativecommons.org/publicdomain/zero/1.0/",17,0,0,3,1,0,2,1,0,2,1,0,15,1,1,1,1,"10.14279/depositonce-18487"
"oai:depositonce.tu-berlin.de:11303/241","2014-10-10T10:33:55Z","http://rightsstatements.org/vocab/InC/1.0/",1,0,0,3,3,0,2,1,0,0,1,0,4,1,1,1,4,"10.14279/depositonce-84"
"oai:depositonce.tu-berlin.de:11303/19079","2023-06-06T12:00:42Z","https://creativecommons.org/licenses/by/4.0/",2,0,0,3,2,0,2,3,0,1,1,0,9,1,1,1,1,"10.14279/depositonce-17876"
"oai:depositonce.tu-berlin.de:11303/20589","2023-11-15T12:58:48Z","https://creativecommons.org/licenses/by/4.0/",1,0,0,3,1,0,2,1,0,1,1,0,13,1,1,1,1,"10.14279/depositonce-19387"
"oai:depositonce.tu-berlin.de:11303/7504","2018-03-14T12:41:05Z","https://creativecommons.org/licenses/by-sa/4.0/",2,0,0,3,2,0,2,1,0,0,1,0,4,1,1,1,4,"10.14279/depositonce-6724"
"oai:depositonce.tu-berlin.de:11303/17656.2","2022-11-14T14:00:19Z","https://creativecommons.org/licenses/by/4.0/",11,0,0,3,2,0,2,1,0,0,1,0,5,1,1,1,1,"10.14279/depositonce-16440.2"
"oai:depositonce.tu-berlin.de:11303/19667","2023-07-31T12:18:30Z","https://creativecommons.org/licenses/by/4.0/",1,0,0,3,1,0,2,1,0,0,1,0,8,1,1,1,1,"10.14279/depositonce-18466"
"oai:depositonce.tu-berlin.de:11303/17782","2022-12-07T06:31:39Z","https://creativecommons.org/licenses/by-nc/4.0/",6,0,0,3,1,0,2,1,0,0,1,0,6,1,1,1,1,"10.14279/depositonce-16571"
"oai:depositonce.tu-berlin.de:11303/19111","2023-06-06T13:53:22Z","https://creativecommons.org/licenses/by/4.0/",2,0,0,3,2,0,2,3,0,1,1,0,9,1,1,1,1,"10.14279/depositonce-17908"
"oai:depositonce.tu-berlin.de:11303/11713","2021-02-02T09:34:24Z","http://rightsstatements.org/vocab/InC/1.0/",2,0,0,3,1,0,2,1,0,0,1,0,19,1,1,1,4,"10.14279/depositonce-10605"
"oai:depositonce.tu-berlin.de:11303/10297","2019-12-17T13:04:45Z","https://creativecommons.org/licenses/by/4.0/",2,0,0,3,1,0,2,1,0,2,1,0,8,1,1,1,4,"10.14279/depositonce-9259"
"oai:depositonce.tu-berlin.de:11303/13664","2021-10-14T09:21:32Z","http://rightsstatements.org/vocab/InC/1.0/",2,0,0,3,1,0,2,3,0,0,1,0,16,1,1,1,4,"10.14279/depositonce-12452"
"oai:depositonce.tu-berlin.de:11303/19084","2023-06-16T06:29:15Z","https://creativecommons.org/licenses/by/4.0/",3,0,0,3,4,0,2,3,0,1,1,0,9,1,1,1,1,"10.14279/depositonce-17881"
"oai:depositonce.tu-berlin.de:11303/8082","2018-08-07T08:58:58Z","https://creativecommons.org/licenses/by/4.0/",5,0,0,3,2,0,2,1,0,0,1,0,4,1,1,1,4,"10.14279/depositonce-7243"
"oai:depositonce.tu-berlin.de:11303/16413","2022-02-17T10:21:03Z","https://creativecommons.org/licenses/by/4.0/",3,0,0,3,1,0,2,1,0,1,1,0,7,1,1,1,4,"10.14279/depositonce-15189"
"oai:depositonce.tu-berlin.de:11303/19129","2023-06-07T11:00:12Z","https://creativecommons.org/licenses/by/4.0/",2,0,0,3,2,0,2,3,0,1,1,0,9,1,1,1,1,"10.14279/depositonce-17926"
"oai:depositonce.tu-berlin.de:11303/7685","2018-04-24T10:34:47Z","https://creativecommons.org/licenses/by-nc/4.0/",3,0,0,3,1,0,2,1,0,0,1,0,7,1,1,1,4,"10.14279/depositonce-6869"
"oai:depositonce.tu-berlin.de:11303/9561","2019-07-26T10:11:19Z","https://creativecommons.org/licenses/by-sa/4.0/",2,0,0,3,2,0,2,1,0,1,1,0,6,1,1,1,4,"10.14279/depositonce-8609"
"oai:depositonce.tu-berlin.de:11303/11504","2020-07-28T09:08:14Z","https://creativecommons.org/licenses/by/4.0/",1,0,0,3,1,0,2,1,0,0,1,0,7,1,1,1,4,"10.14279/depositonce-10386"
"oai:depositonce.tu-berlin.de:11303/19112","2023-06-06T13:43:46Z","https://creativecommons.org/licenses/by/4.0/",2,0,0,3,2,0,2,3,0,1,1,0,9,1,1,1,1,"10.14279/depositonce-17909"
"oai:depositonce.tu-berlin.de:11303/17601.2","2022-12-06T13:52:14Z","https://creativecommons.org/licenses/by-nc-nd/4.0/",28,0,0,3,3,0,2,1,0,0,1,0,5,1,1,1,1,"10.14279/depositonce-16384.2"
"oai:depositonce.tu-berlin.de:11303/16357","2022-02-15T11:31:09Z","https://choosealicense.com/licenses/gpl-3.0/",3,0,0,3,2,0,2,1,0,1,1,0,6,1,1,1,4,"10.14279/depositonce-15133"
"oai:depositonce.tu-berlin.de:11303/19119","2023-06-06T13:13:30Z","https://creativecommons.org/licenses/by/4.0/",2,0,0,3,2,0,2,3,0,1,1,0,9,1,1,1,1,"10.14279/depositonce-17916"
"oai:depositonce.tu-berlin.de:11303/19110","2023-06-06T13:41:08Z","https://creativecommons.org/licenses/by/4.0/",2,0,0,3,2,0,2,3,0,1,1,0,9,1,1,1,1,"10.14279/depositonce-17907"
"oai:depositonce.tu-berlin.de:11303/7506.3","2020-10-07T07:02:09Z","https://creativecommons.org/licenses/by-sa/4.0/",5,0,0,3,2,0,2,1,0,1,1,0,3,1,1,1,4,"10.14279/depositonce-6726.3"
"oai:depositonce.tu-berlin.de:11303/20229","2023-10-16T08:05:29Z","https://creativecommons.org/licenses/by/4.0/",2,0,0,3,1,0,2,1,0,2,1,0,8,1,1,1,1,"10.14279/depositonce-19027"
"oai:depositonce.tu-berlin.de:11303/16230","2022-02-17T10:31:56Z","https://creativecommons.org/licenses/by/4.0/",1,0,0,3,1,0,2,1,0,2,1,0,13,1,1,1,4,"10.14279/depositonce-15005"
"oai:depositonce.tu-berlin.de:11303/10089","2019-11-21T11:20:08Z","http://rightsstatements.org/vocab/InC/1.0/",2,0,0,3,1,0,2,1,0,0,1,0,5,1,1,1,4,"10.14279/depositonce-9077"
"oai:depositonce.tu-berlin.de:11303/9564","2019-07-26T10:21:27Z","https://creativecommons.org/licenses/by-sa/4.0/",3,0,0,3,2,0,2,1,0,1,1,0,5,1,1,1,4,"10.14279/depositonce-8612"
"oai:depositonce.tu-berlin.de:11303/13497","2021-08-11T06:59:44Z","https://creativecommons.org/licenses/by/4.0/",1,0,0,3,1,0,2,1,0,0,1,0,5,1,1,1,4,"10.14279/depositonce-12280"
"oai:depositonce.tu-berlin.de:11303/19074","2023-06-06T12:54:52Z","https://creativecommons.org/licenses/by/4.0/",2,0,0,3,2,0,2,3,0,1,1,0,9,1,1,1,1,"10.14279/depositonce-17871"
"oai:depositonce.tu-berlin.de:11303/13012.5","2021-04-19T12:44:47Z","http://rightsstatements.org/vocab/InC/1.0/",1,0,0,3,1,0,2,2,0,0,1,0,6,1,1,1,4,"10.14279/depositonce-11807.5"
"oai:depositonce.tu-berlin.de:11303/6153.5","2020-07-07T12:27:47Z","https://creativecommons.org/licenses/by/4.0/",8,0,0,7,2,0,2,1,0,1,1,0,6,1,1,1,4,"10.14279/depositonce-5718.5"
"oai:depositonce.tu-berlin.de:11303/23189","2024-11-01T09:14:55Z","https://creativecommons.org/licenses/by/4.0/",3,0,0,3,1,0,2,1,0,0,1,0,8,1,1,1,1,"10.14279/depositonce-22003"
"oai:depositonce.tu-berlin.de:11303/23525","2024-12-13T08:25:15Z","https://creativecommons.org/licenses/by/4.0/",5,0,0,3,1,0,2,1,0,0,1,0,11,1,1,1,1,"10.14279/depositonce-22339"
"oai:depositonce.tu-berlin.de:11303/20076","2023-09-27T08:28:32Z","https://creativecommons.org/licenses/by/4.0/",2,0,0,3,2,0,2,1,0,0,1,0,9,1,1,1,1,"10.14279/depositonce-18874"
"oai:depositonce.tu-berlin.de:11303/19128","2023-06-06T14:13:52Z","https://creativecommons.org/licenses/by/4.0/",2,0,0,3,2,0,2,3,0,1,1,0,9,1,1,1,1,"10.14279/depositonce-17925"
"oai:depositonce.tu-berlin.de:11303/22192","2024-07-31T10:15:49Z","https://creativecommons.org/licenses/by/4.0/",8,0,0,3,2,0,2,1,0,0,1,0,6,1,1,1,1,"10.14279/depositonce-20993"
"oai:depositonce.tu-berlin.de:11303/19651","2023-07-26T06:32:09Z","https://creativecommons.org/licenses/by/4.0/",2,0,0,3,2,0,2,3,0,1,1,0,9,1,1,1,1,"10.14279/depositonce-18450"
"oai:depositonce.tu-berlin.de:11303/11607","2021-08-17T12:20:46Z","https://creativecommons.org/licenses/by-nc/4.0/",4,0,0,3,2,0,2,1,0,2,1,0,6,1,1,1,4,"10.14279/depositonce-10493"
"oai:depositonce.tu-berlin.de:11303/21754","2024-08-22T12:01:06Z","https://creativecommons.org/licenses/by/4.0/",11,0,0,3,2,0,2,2,0,0,1,0,14,1,1,1,1,"10.14279/depositonce-20555"
"oai:depositonce.tu-berlin.de:11303/19623","2023-07-20T08:57:59Z","http://rightsstatements.org/vocab/InC/1.0/",1,0,0,3,1,0,2,1,0,1,1,0,5,1,1,1,4,"10.14279/depositonce-18422"
"oai:depositonce.tu-berlin.de:11303/19660","2023-07-31T12:17:58Z","https://creativecommons.org/licenses/by/4.0/",1,0,0,3,1,0,2,1,0,0,1,0,7,1,1,1,1,"10.14279/depositonce-18459"
"oai:depositonce.tu-berlin.de:11303/19138","2023-06-15T06:58:20Z","https://creativecommons.org/licenses/by/4.0/",2,0,0,3,2,0,2,3,0,1,1,0,9,1,1,1,1,"10.14279/depositonce-17935"
"oai:depositonce.tu-berlin.de:11303/21168","2024-03-07T09:42:56Z","https://creativecommons.org/licenses/by/4.0/",1,0,0,3,1,0,2,1,0,0,1,0,8,1,1,1,1,"10.14279/depositonce-19968"
"oai:depositonce.tu-berlin.de:11303/6007","2016-11-30T14:07:57Z","https://creativecommons.org/licenses/by/4.0/",1,0,0,3,2,0,2,1,0,1,1,0,12,1,1,1,4,"10.14279/depositonce-5591"
"oai:depositonce.tu-berlin.de:11303/17250","2022-08-03T09:45:10Z","https://creativecommons.org/licenses/by/4.0/",1,0,0,3,1,0,2,1,0,0,1,0,5,1,1,1,4,"10.14279/depositonce-16029"
"oai:depositonce.tu-berlin.de:11303/14075","2022-01-04T13:01:53Z","https://choosealicense.com/licenses/gpl-3.0/",2,0,0,3,1,0,2,1,0,0,1,0,7,1,1,1,4,"10.14279/depositonce-12848"
"oai:depositonce.tu-berlin.de:11303/16922","2022-05-18T13:36:17Z","https://creativecommons.org/licenses/by-sa/4.0/",2,0,0,3,2,0,2,1,0,1,1,0,6,1,1,1,4,"10.14279/depositonce-15701"
"oai:depositonce.tu-berlin.de:11303/18934","2023-06-16T06:32:30Z","https://creativecommons.org/licenses/by/4.0/",2,0,0,3,1,0,2,1,0,0,1,0,5,1,1,1,1,"10.14279/depositonce-17735"
"oai:depositonce.tu-berlin.de:11303/22024","2024-06-19T06:59:38Z","https://creativecommons.org/licenses/by/4.0/",7,0,0,3,2,0,2,1,0,0,1,0,12,1,1,1,1,"10.14279/depositonce-20825"
"oai:depositonce.tu-berlin.de:11303/9185","2019-06-13T10:31:00Z","https://creativecommons.org/licenses/by-sa/4.0/",1,0,0,3,2,0,2,1,0,1,1,0,6,1,1,1,4,"10.14279/depositonce-8271"
"oai:depositonce.tu-berlin.de:11303/11519","2020-07-23T07:39:40Z","https://choosealicense.com/licenses/gpl-3.0/",2,0,0,3,1,0,2,1,0,0,1,0,4,1,1,1,4,"10.14279/depositonce-10403"
"oai:depositonce.tu-berlin.de:11303/19121","2023-06-06T13:09:01Z","https://creativecommons.org/licenses/by/4.0/",2,0,0,3,2,0,2,3,0,1,1,0,9,1,1,1,1,"10.14279/depositonce-17918"
"oai:depositonce.tu-berlin.de:11303/13421.3","2021-11-10T09:01:40Z","https://creativecommons.org/licenses/by-nc-nd/4.0/",7,0,0,3,1,0,2,1,0,0,1,0,4,1,1,1,4,"10.14279/depositonce-12205.3"
"oai:depositonce.tu-berlin.de:11303/21587","2024-04-25T06:11:22Z","https://choosealicense.com/licenses/lgpl-3.0/",2,0,0,3,2,0,2,1,0,0,1,0,7,1,1,1,1,"10.14279/depositonce-20387"
"oai:depositonce.tu-berlin.de:11303/17664","2022-11-14T14:11:54Z","https://creativecommons.org/licenses/by/4.0/",1,0,0,3,1,0,2,1,0,0,1,0,9,1,1,1,1,"10.14279/depositonce-16449"
"oai:depositonce.tu-berlin.de:11303/6410","2017-06-26T12:37:09Z","http://rightsstatements.org/vocab/InC/1.0/",5,0,0,3,2,0,2,3,0,4,1,0,6,1,1,1,4,"10.14279/depositonce-5957"
"oai:depositonce.tu-berlin.de:11303/12626","2021-02-18T09:18:32Z","https://creativecommons.org/licenses/by/4.0/",1,0,0,3,1,0,2,1,0,0,1,0,5,1,1,1,4,"10.14279/depositonce-11435"
"oai:depositonce.tu-berlin.de:11303/17603.2","2022-11-24T12:48:53Z","https://creativecommons.org/licenses/by/4.0/",1,0,0,3,2,0,2,1,0,0,1,0,6,1,1,1,1,"10.14279/depositonce-16386.2"
"oai:depositonce.tu-berlin.de:11303/12695.2","2022-02-14T11:02:21Z","http://rightsstatements.org/vocab/InC/1.0/",6,0,0,3,2,0,2,1,0,2,1,0,13,1,1,1,4,"10.14279/depositonce-11495.2"
"oai:depositonce.tu-berlin.de:11303/8824","2019-03-27T11:55:44Z","https://creativecommons.org/licenses/by-nc/4.0/",1,0,0,3,1,0,2,2,0,2,1,0,10,1,1,1,4,"10.14279/depositonce-7953"
"oai:depositonce.tu-berlin.de:11303/9560","2019-07-26T10:10:03Z","https://creativecommons.org/licenses/by-sa/4.0/",7,0,0,3,2,0,2,1,0,1,1,0,5,1,1,1,4,"10.14279/depositonce-8608"
"oai:depositonce.tu-berlin.de:11303/8081","2018-08-07T08:52:28Z","http://rightsstatements.org/vocab/InC/1.0/",2,0,0,3,2,0,2,1,0,1,1,0,4,1,1,1,4,"10.14279/depositonce-7242"
"oai:depositonce.tu-berlin.de:11303/8214","2018-09-28T10:33:27Z","https://creativecommons.org/licenses/by/4.0/",4,0,0,3,2,0,2,1,0,2,1,0,7,1,1,1,4,"10.14279/depositonce-7365"
"oai:depositonce.tu-berlin.de:11303/9664","2019-08-07T06:52:31Z","https://choosealicense.com/licenses/gpl-3.0/",1,0,0,3,1,0,2,1,0,3,1,0,6,1,1,1,4,"10.14279/depositonce-8707"
"oai:depositonce.tu-berlin.de:11303/12891","2021-04-07T10:28:27Z","https://creativecommons.org/licenses/by/4.0/",2,0,0,3,1,0,2,1,0,0,1,0,5,1,1,1,4,"10.14279/depositonce-11692"
"oai:depositonce.tu-berlin.de:11303/9985","2019-09-13T07:56:43Z","https://creativecommons.org/licenses/by/4.0/",1,0,0,3,2,0,2,1,0,1,1,0,6,1,1,1,4,"10.14279/depositonce-8976"
"oai:depositonce.tu-berlin.de:11303/10692.3","2021-02-05T07:58:01Z","https://creativecommons.org/licenses/by/4.0/",1,0,0,3,2,0,2,1,0,1,1,0,14,1,1,1,4,"10.14279/depositonce-9592.3"
"oai:depositonce.tu-berlin.de:11303/20691","2023-11-29T07:58:54Z","https://creativecommons.org/licenses/by/4.0/",4,0,0,3,2,0,2,1,0,0,1,0,14,1,1,1,1,"10.14279/depositonce-19489"
"oai:depositonce.tu-berlin.de:11303/19139","2023-06-15T07:00:26Z","https://creativecommons.org/licenses/by/4.0/",2,0,0,3,2,0,2,3,0,1,1,0,9,1,1,1,1,"10.14279/depositonce-17936"
"oai:depositonce.tu-berlin.de:11303/11625","2020-09-14T07:07:06Z","https://creativecommons.org/licenses/by/4.0/",2,0,0,3,2,0,2,1,0,0,1,0,13,1,1,1,4,"10.14279/depositonce-10512"
"oai:depositonce.tu-berlin.de:11303/20093","2023-10-13T13:41:10Z","https://creativecommons.org/licenses/by/4.0/",2,0,0,3,2,0,2,1,0,2,1,0,8,1,1,1,1,"10.14279/depositonce-18891"
"oai:depositonce.tu-berlin.de:11303/16484","2022-03-01T09:45:58Z","https://creativecommons.org/licenses/by/4.0/",1,0,0,3,2,0,2,1,0,1,1,0,9,1,1,1,4,"10.14279/depositonce-15260"
"oai:depositonce.tu-berlin.de:11303/11518","2020-07-23T07:32:33Z","https://choosealicense.com/licenses/gpl-3.0/",2,0,0,3,1,0,2,1,0,0,1,0,4,1,1,1,4,"10.14279/depositonce-10402"
"oai:depositonce.tu-berlin.de:11303/20075","2023-09-27T08:28:37Z","https://creativecommons.org/licenses/by/4.0/",1,0,0,3,2,0,2,1,0,0,1,0,10,1,1,1,1,"10.14279/depositonce-18873"
"oai:depositonce.tu-berlin.de:11303/18772","2023-04-21T10:04:16Z","https://creativecommons.org/licenses/by/4.0/",1,0,0,3,1,0,2,1,0,0,1,0,8,1,1,1,1,"10.14279/depositonce-17579"
"oai:depositonce.tu-berlin.de:11303/19124","2023-06-06T14:08:46Z","https://creativecommons.org/licenses/by/4.0/",2,0,0,3,2,0,2,3,0,1,1,0,9,1,1,1,1,"10.14279/depositonce-17921"
"oai:depositonce.tu-berlin.de:11303/18928","2023-05-03T06:03:38Z","https://creativecommons.org/licenses/by/4.0/",1,0,0,3,3,0,2,1,0,0,1,0,13,1,1,1,1,"10.14279/depositonce-17729"
"oai:depositonce.tu-berlin.de:11303/19411","2023-06-27T10:43:10Z","https://choosealicense.com/licenses/lgpl-3.0/",1,0,0,3,1,0,2,1,0,0,1,0,11,1,1,1,1,"10.14279/depositonce-18207"
"oai:depositonce.tu-berlin.de:11303/7136","2017-11-14T12:29:15Z","https://creativecommons.org/licenses/by-nd/4.0/",1,0,0,3,4,0,2,1,0,0,1,0,6,1,1,1,4,"10.14279/depositonce-6429"
"oai:depositonce.tu-berlin.de:11303/19048","2023-12-13T09:34:31Z","https://creativecommons.org/licenses/by/4.0/",1,0,0,3,3,0,2,1,0,1,1,0,9,1,1,1,1,"10.14279/depositonce-17844"
"oai:depositonce.tu-berlin.de:11303/16765","2022-04-28T12:47:27Z","https://creativecommons.org/licenses/by-nc-nd/4.0/",3,0,0,3,2,0,2,1,0,0,1,0,5,1,1,1,4,"10.14279/depositonce-15543"
"oai:depositonce.tu-berlin.de:11303/19076","2023-06-06T12:26:26Z","https://creativecommons.org/licenses/by/4.0/",2,0,0,3,2,0,2,3,0,1,1,0,9,1,1,1,1,"10.14279/depositonce-17873"
"oai:depositonce.tu-berlin.de:11303/8390","2018-11-02T09:05:11Z","http://rightsstatements.org/vocab/InC/1.0/",8,0,0,3,2,0,2,1,0,1,1,0,3,1,1,1,4,"10.14279/depositonce-7539"
"oai:depositonce.tu-berlin.de:11303/19135","2023-06-07T11:11:06Z","https://creativecommons.org/licenses/by/4.0/",2,0,0,3,2,0,2,3,0,1,1,0,9,1,1,1,1,"10.14279/depositonce-17932"
"oai:depositonce.tu-berlin.de:11303/19789","2023-08-18T05:41:46Z","https://creativecommons.org/licenses/by-nc-sa/4.0/",1,0,0,3,1,0,2,1,0,0,1,0,8,1,1,1,1,"10.14279/depositonce-18588"
"oai:depositonce.tu-berlin.de:11303/19787","2023-08-14T08:23:02Z","https://choosealicense.com/licenses/gpl-3.0/",1,0,0,3,2,0,2,1,0,0,1,0,7,1,1,1,2,"10.14279/depositonce-18586"
"oai:depositonce.tu-berlin.de:11303/19127","2023-06-06T14:02:23Z","https://creativecommons.org/licenses/by/4.0/",2,0,0,3,2,0,2,3,0,1,1,0,9,1,1,1,1,"10.14279/depositonce-17924"
"oai:depositonce.tu-berlin.de:11303/21024","2024-02-14T07:42:44Z","https://creativecommons.org/licenses/by/4.0/",4,0,0,3,2,0,2,1,0,0,1,0,8,1,1,1,2,"10.14279/depositonce-19492"
"oai:depositonce.tu-berlin.de:11303/20210","2023-10-13T13:41:24Z","https://creativecommons.org/licenses/by/4.0/",3,0,0,3,2,0,2,1,0,1,1,0,11,1,1,1,1,"10.14279/depositonce-19824"
"oai:depositonce.tu-berlin.de:11303/10603","2020-05-14T09:30:15Z","https://creativecommons.org/licenses/by-nc-nd/4.0/",1,0,0,3,1,0,2,1,0,1,1,0,18,1,1,1,4,"10.14279/depositonce-19008"
"oai:depositonce.tu-berlin.de:11303/20219","2023-10-13T13:41:33Z","https://creativecommons.org/licenses/by/4.0/",3,0,0,3,2,0,2,1,0,1,1,0,9,1,1,1,1,"10.14279/depositonce-9529"
"oai:depositonce.tu-berlin.de:11303/19673","2023-08-18T05:41:57Z","https://creativecommons.org/licenses/by-nc-sa/4.0/",1,0,0,3,1,0,2,1,0,0,1,0,6,1,1,1,1,"10.14279/depositonce-19017"
"oai:depositonce.tu-berlin.de:11303/19795","2023-08-18T10:55:03Z","https://creativecommons.org/licenses/by/4.0/",1,0,0,3,2,0,2,1,0,1,1,0,7,1,1,1,1,"10.14279/depositonce-18472"
"oai:depositonce.tu-berlin.de:11303/8213","2018-09-28T10:26:54Z","https://creativecommons.org/licenses/by/4.0/",4,0,0,3,2,0,2,1,0,2,1,0,7,1,1,1,4,"10.14279/depositonce-18594"
"oai:depositonce.tu-berlin.de:11303/5495","2016-06-06T08:30:03Z","LGPL 2.1",1,0,0,3,1,0,2,1,0,2,2,0,8,1,1,1,4,"10.14279/depositonce-7364"
"oai:depositonce.tu-berlin.de:11303/5495","2016-06-06T08:30:03Z","https://www.gnu.org/licenses/old-licenses/lgpl-2.1-standalone.html",1,0,0,3,1,0,2,1,0,2,2,0,8,1,1,1,4,"10.14279/depositonce-5163"
"oai:depositonce.tu-berlin.de:11303/19164","2023-06-15T07:01:44Z","https://creativecommons.org/licenses/by/4.0/",2,0,0,3,2,0,2,3,0,1,1,0,9,1,1,1,1,"10.14279/depositonce-17960"
"oai:depositonce.tu-berlin.de:11303/23514","2024-12-05T09:14:42Z","https://creativecommons.org/licenses/by/4.0/",2,0,0,3,1,0,2,1,0,0,1,0,9,1,1,1,1,"10.14279/depositonce-22328"
"oai:depositonce.tu-berlin.de:11303/19134","2023-06-07T11:14:38Z","https://creativecommons.org/licenses/by/4.0/",2,0,0,3,2,0,2,3,0,1,1,0,9,1,1,1,1,"10.14279/depositonce-17931"
"oai:depositonce.tu-berlin.de:11303/13790","2021-11-10T08:36:13Z","https://creativecommons.org/licenses/by/4.0/",6,0,0,3,2,0,2,1,0,0,1,0,5,1,1,1,4,"10.14279/depositonce-12566"
"oai:depositonce.tu-berlin.de:11303/11562","2020-08-11T06:47:05Z","https://choosealicense.com/licenses/gpl-3.0/",1,0,0,3,2,0,2,1,0,4,1,0,3,1,1,1,4,"10.14279/depositonce-10447"
"oai:depositonce.tu-berlin.de:11303/19120","2023-06-06T13:30:42Z","https://creativecommons.org/licenses/by/4.0/",2,0,0,3,2,0,2,3,0,1,1,0,9,1,1,1,1,"10.14279/depositonce-17917"
"oai:depositonce.tu-berlin.de:11303/11644","2020-09-14T06:33:20Z","https://choosealicense.com/licenses/gpl-3.0/",2,0,0,3,1,0,2,1,0,4,1,0,4,1,1,1,4,"10.14279/depositonce-10532"
"oai:depositonce.tu-berlin.de:11303/21801","2024-05-31T08:06:19Z","https://creativecommons.org/licenses/by-nc/4.0/",2,0,0,3,1,0,2,1,0,0,1,0,7,1,1,1,1,"10.14279/depositonce-20602"
"oai:depositonce.tu-berlin.de:11303/9164","2019-05-03T10:50:29Z","http://rightsstatements.org/vocab/InC/1.0/",8,0,0,3,1,0,2,1,0,1,1,0,7,1,1,1,4,"10.14279/depositonce-8250"
"oai:depositonce.tu-berlin.de:11303/20903","2023-12-21T07:06:02Z","https://creativecommons.org/licenses/by/4.0/",3,0,0,3,2,0,2,2,0,1,1,0,7,1,1,1,1,"10.14279/depositonce-19701"
"oai:depositonce.tu-berlin.de:11303/20917","2024-01-04T07:34:30Z","https://creativecommons.org/licenses/by/4.0/",5,0,0,3,1,0,2,1,0,0,1,0,6,1,1,1,1,"10.14279/depositonce-19715"
"oai:depositonce.tu-berlin.de:11303/19671","2023-07-31T12:18:36Z","https://creativecommons.org/licenses/by/4.0/",1,0,0,3,1,0,2,1,0,0,1,0,9,1,1,1,1,"10.14279/depositonce-18470"
"oai:depositonce.tu-berlin.de:11303/20717","2023-12-21T07:09:48Z","https://choosealicense.com/licenses/gpl-3.0/",4,0,0,3,2,0,2,1,0,1,1,0,7,1,1,1,1,"10.14279/depositonce-19516"
"oai:depositonce.tu-berlin.de:11303/19642","2023-07-31T12:17:45Z","https://creativecommons.org/licenses/by/4.0/",1,0,0,3,1,0,2,1,0,0,1,0,9,1,1,1,1,"10.14279/depositonce-18441"
"oai:depositonce.tu-berlin.de:11303/20069","2023-09-27T08:28:57Z","https://creativecommons.org/licenses/by/4.0/",2,0,0,3,2,0,2,1,0,0,1,0,8,1,1,1,1,"10.14279/depositonce-18867"
"oai:depositonce.tu-berlin.de:11303/5982","2016-11-15T09:35:59Z","https://creativecommons.org/publicdomain/zero/1.0/",9,0,0,3,1,0,2,1,0,1,1,0,1,1,1,1,3,"10.14279/depositonce-5569"
"oai:depositonce.tu-berlin.de:11303/11701","2020-10-13T08:05:22Z","https://creativecommons.org/licenses/by-nc/4.0/",2,0,0,3,2,0,2,1,0,1,1,0,5,1,1,1,4,"10.14279/depositonce-10591"
"oai:depositonce.tu-berlin.de:11303/19118","2023-06-06T14:19:29Z","https://creativecommons.org/licenses/by/4.0/",2,0,0,3,2,0,2,3,0,1,1,0,9,1,1,1,1,"10.14279/depositonce-17915"
"oai:depositonce.tu-berlin.de:11303/19393","2023-06-16T11:13:01Z","https://creativecommons.org/licenses/by-nc/4.0/",1,0,0,3,1,0,2,1,0,1,1,0,6,1,1,1,1,"10.14279/depositonce-18189"
"oai:depositonce.tu-berlin.de:11303/11728","2020-10-07T06:59:30Z","https://creativecommons.org/licenses/by/4.0/",1,0,0,3,1,0,2,1,0,1,1,0,5,1,1,1,4,"10.14279/depositonce-10617"
"oai:depositonce.tu-berlin.de:11303/20208","2023-10-13T13:41:14Z","https://creativecommons.org/licenses/by/4.0/",2,0,0,3,2,0,2,1,0,1,1,0,8,1,1,1,1,"10.14279/depositonce-19006"
"oai:depositonce.tu-berlin.de:11303/13269","2021-06-23T08:57:46Z","https://creativecommons.org/licenses/by-nc/4.0/",1,0,0,3,2,0,2,1,0,0,1,0,6,1,1,1,4,"10.14279/depositonce-12061"
"oai:depositonce.tu-berlin.de:11303/9465","2019-06-14T10:17:30Z","https://creativecommons.org/licenses/by/4.0/",1,0,0,3,2,0,2,1,0,0,1,0,5,1,1,1,4,"10.14279/depositonce-8521"
"oai:depositonce.tu-berlin.de:11303/20720","2023-11-29T08:30:38Z","https://creativecommons.org/licenses/by-nc/4.0/",1,0,0,3,1,0,2,1,0,0,1,0,7,1,1,1,1,"10.14279/depositonce-19519"
"oai:depositonce.tu-berlin.de:11303/19666","2023-07-31T12:18:25Z","https://creativecommons.org/licenses/by/4.0/",1,0,0,3,1,0,2,1,0,0,1,0,6,1,1,1,1,"10.14279/depositonce-18465"
"oai:depositonce.tu-berlin.de:11303/17231","2022-07-15T08:40:54Z","https://creativecommons.org/licenses/by-nc/4.0/",2,0,0,3,2,0,2,1,0,1,1,0,5,1,1,1,4,"10.14279/depositonce-16010"
"oai:depositonce.tu-berlin.de:11303/17657.2","2022-12-01T12:26:40Z","https://creativecommons.org/licenses/by/4.0/",2,0,0,3,2,0,2,1,0,0,1,0,5,1,1,1,1,"10.14279/depositonce-16441.2"
"oai:depositonce.tu-berlin.de:11303/11457","2020-06-23T11:58:25Z","https://creativecommons.org/licenses/by/4.0/",3,0,0,3,1,0,2,1,0,1,1,0,8,1,1,1,4,"10.14279/depositonce-10338"
"oai:depositonce.tu-berlin.de:11303/20761","2023-12-06T14:05:47Z","https://creativecommons.org/licenses/by-sa/4.0/",2,0,0,3,2,0,2,1,0,1,1,0,7,1,1,1,4,"10.14279/depositonce-19559"
"oai:depositonce.tu-berlin.de:11303/16594","2022-05-03T06:28:59Z","https://choosealicense.com/licenses/gpl-3.0/",1,0,0,3,1,0,2,1,0,1,1,0,5,1,1,1,6,"10.14279/depositonce-15371"
"oai:depositonce.tu-berlin.de:11303/13409","2021-07-22T11:42:55Z","https://creativecommons.org/licenses/by/4.0/",1,0,0,3,1,0,2,1,0,1,1,0,14,1,1,1,4,"10.14279/depositonce-12193"
"oai:depositonce.tu-berlin.de:11303/6478","2017-07-14T06:31:20Z","https://creativecommons.org/licenses/by-nc-sa/4.0/",1,0,0,3,2,0,2,1,0,1,1,0,2,1,1,1,4,"10.14279/depositonce-5986"
"oai:depositonce.tu-berlin.de:11303/13526.2","2021-09-08T09:37:13Z","https://creativecommons.org/licenses/by/4.0/",5,0,0,3,1,0,2,1,0,1,1,0,13,1,1,1,4,"10.14279/depositonce-12309.2"
"oai:depositonce.tu-berlin.de:11303/20428","2023-11-02T10:32:35Z","https://creativecommons.org/publicdomain/zero/1.0/",2,0,0,3,1,0,2,1,0,0,1,0,11,1,1,1,1,"10.14279/depositonce-19226"
"oai:depositonce.tu-berlin.de:11303/9563","2019-07-26T10:12:53Z","https://creativecommons.org/licenses/by-sa/4.0/",4,0,0,3,2,0,2,1,0,0,1,0,3,1,1,1,4,"10.14279/depositonce-8611"
"oai:depositonce.tu-berlin.de:11303/10293","2019-12-16T10:03:54Z","https://creativecommons.org/licenses/by-sa/4.0/",1,0,0,3,3,0,2,1,0,1,1,0,34,2,1,1,4,"10.14279/depositonce-9255"
"oai:depositonce.tu-berlin.de:11303/19116","2023-06-06T13:51:06Z","https://creativecommons.org/licenses/by/4.0/",2,0,0,3,2,0,2,3,0,1,1,0,9,1,1,1,1,"10.14279/depositonce-17913"
"oai:depositonce.tu-berlin.de:11303/18795","2023-04-25T08:12:26Z","https://creativecommons.org/licenses/by/4.0/",1,0,0,3,1,0,2,1,0,0,1,0,11,1,1,1,1,"10.14279/depositonce-17598"
"oai:depositonce.tu-berlin.de:11303/22332","2024-08-14T06:54:02Z","https://creativecommons.org/licenses/by/4.0/",1,0,0,3,1,0,2,1,0,1,1,0,9,1,1,1,1,"10.14279/depositonce-21133"
"oai:depositonce.tu-berlin.de:11303/13809","2021-11-10T08:50:38Z","https://creativecommons.org/licenses/by/4.0/",1,0,0,3,1,0,2,1,0,2,1,0,7,1,1,1,4,"10.14279/depositonce-12585"
"oai:depositonce.tu-berlin.de:11303/21967","2024-06-19T09:54:49Z","https://creativecommons.org/licenses/by/4.0/",3,0,0,3,2,0,2,2,0,0,1,0,9,1,1,1,1,"10.14279/depositonce-20768"
"oai:depositonce.tu-berlin.de:11303/9479","2019-06-12T07:45:05Z","https://creativecommons.org/licenses/by-nc-sa/4.0/",7,0,0,3,2,0,2,1,0,0,1,0,7,1,1,1,4,"10.14279/depositonce-8536"
"oai:depositonce.tu-berlin.de:11303/20749","2024-02-14T08:13:50Z","https://creativecommons.org/licenses/by-nc/4.0/",3,0,0,3,2,0,2,1,0,0,1,0,10,1,1,1,1,"10.14279/depositonce-19547"
"oai:depositonce.tu-berlin.de:11303/13851","2023-01-05T10:00:43Z","https://creativecommons.org/licenses/by/4.0/",2,0,0,3,2,0,2,1,0,0,1,0,9,1,1,1,4,"10.14279/depositonce-12627"
"oai:depositonce.tu-berlin.de:11303/21645","2024-05-06T13:17:29Z","https://creativecommons.org/licenses/by-nc/4.0/",2,0,0,3,1,0,2,2,0,2,1,0,15,1,1,1,1,"10.14279/depositonce-20446"
"oai:depositonce.tu-berlin.de:11303/9558","2019-07-26T10:06:28Z","https://creativecommons.org/licenses/by-sa/4.0/",7,0,0,3,2,0,2,1,0,1,1,0,4,1,1,1,4,"10.14279/depositonce-8606"
"oai:depositonce.tu-berlin.de:11303/22474","2024-10-11T09:31:15Z","https://creativecommons.org/licenses/by/4.0/",6,0,0,3,2,0,2,1,0,1,1,0,7,1,1,1,1,"10.14279/depositonce-21275"
"oai:depositonce.tu-berlin.de:11303/12915","2021-03-31T09:51:15Z","http://rightsstatements.org/vocab/InC/1.0/",3,0,0,3,1,0,2,1,0,1,1,0,2,1,1,1,4,"10.14279/depositonce-11716"
"oai:depositonce.tu-berlin.de:11303/17242","2022-07-20T09:48:56Z","https://creativecommons.org/licenses/by-nc/4.0/",5,0,0,3,1,0,2,1,0,0,1,0,3,1,1,1,4,"10.14279/depositonce-16021"
"oai:depositonce.tu-berlin.de:11303/13093","2021-05-12T10:01:57Z","https://creativecommons.org/licenses/by/4.0/",3,0,0,3,3,0,2,1,0,1,1,0,6,1,1,1,4,"10.14279/depositonce-11889"
"oai:depositonce.tu-berlin.de:11303/20213","2023-10-13T13:44:42Z","https://creativecommons.org/licenses/by/4.0/",3,0,0,3,1,0,2,1,0,0,1,0,9,1,1,1,1,"10.14279/depositonce-19011"
"oai:depositonce.tu-berlin.de:11303/18985","2023-05-10T06:34:26Z","https://creativecommons.org/licenses/by-sa/4.0/",1,0,0,3,2,0,2,1,0,1,1,0,6,1,1,1,1,"10.14279/depositonce-17785"
"oai:depositonce.tu-berlin.de:11303/9224","2019-04-23T06:59:38Z","https://choosealicense.com/licenses/gpl-3.0/",3,0,0,3,2,0,2,1,0,1,1,0,3,1,1,1,4,"10.14279/depositonce-8307"
"oai:depositonce.tu-berlin.de:11303/13321","2021-07-16T08:24:15Z","https://creativecommons.org/licenses/by/4.0/",3,0,0,3,2,0,2,1,0,1,1,0,9,1,1,1,4,"10.14279/depositonce-12113"
"oai:depositonce.tu-berlin.de:11303/12184.2","2021-02-19T09:14:43Z","https://choosealicense.com/licenses/bsd-3-clause/",4,0,0,3,4,0,2,1,0,0,1,0,6,1,1,1,4,"10.14279/depositonce-11059.2"
"oai:depositonce.tu-berlin.de:11303/8738","2019-01-08T15:03:45Z","https://creativecommons.org/publicdomain/zero/1.0/",1,0,0,3,1,0,2,1,0,1,1,0,10,1,1,1,3,"10.14279/depositonce-7867"
"oai:depositonce.tu-berlin.de:11303/19664","2023-07-31T12:18:14Z","https://creativecommons.org/licenses/by/4.0/",1,0,0,3,1,0,2,1,0,0,1,0,7,1,1,1,1,"10.14279/depositonce-18463"
"oai:depositonce.tu-berlin.de:11303/6272","2017-04-10T09:10:04Z","https://creativecommons.org/licenses/by-sa/4.0/",2,0,0,3,1,0,2,1,0,0,1,0,1,1,1,1,4,"10.14279/depositonce-5831"
"oai:depositonce.tu-berlin.de:11303/17655","2022-11-10T12:45:27Z","http://rightsstatements.org/vocab/InC/1.0/",2,0,0,3,1,0,2,3,0,0,1,0,16,1,1,1,1,"10.14279/depositonce-16439"
"oai:depositonce.tu-berlin.de:11303/17259","2022-08-03T09:50:28Z","https://creativecommons.org/licenses/by/4.0/",1,0,0,3,1,0,2,1,0,1,1,0,5,1,1,1,4,"10.14279/depositonce-16039"
"oai:depositonce.tu-berlin.de:11303/19644","2023-07-25T13:27:38Z","https://creativecommons.org/licenses/by/4.0/",6,0,0,3,2,0,2,1,0,1,1,0,14,1,1,1,1,"10.14279/depositonce-18443"
"oai:depositonce.tu-berlin.de:11303/10817","2020-03-11T12:27:24Z","https://choosealicense.com/licenses/bsd-3-clause/",4,0,0,3,4,0,2,1,0,1,1,0,5,1,1,1,4,"10.14279/depositonce-9711"
"oai:depositonce.tu-berlin.de:11303/9557","2019-07-26T10:01:27Z","https://creativecommons.org/licenses/by-sa/4.0/",6,0,0,3,2,0,2,1,0,1,1,0,3,1,1,1,4,"10.14279/depositonce-8605"
"oai:depositonce.tu-berlin.de:11303/22068","2024-09-18T06:56:50Z","https://creativecommons.org/licenses/by-sa/4.0/",4,0,0,3,2,0,2,2,0,0,1,0,13,1,1,1,1,"10.14279/depositonce-20869"
"oai:depositonce.tu-berlin.de:11303/20070","2023-09-27T08:28:51Z","https://creativecommons.org/licenses/by/4.0/",1,0,0,3,2,0,2,1,0,0,1,0,10,1,1,1,1,"10.14279/depositonce-18868"
"oai:depositonce.tu-berlin.de:11303/5364","2016-03-11T15:18:33Z","https://creativecommons.org/licenses/by-nc-nd/4.0/",5,0,0,4,0,0,2,1,0,0,1,0,2,2,1,1,4,"10.14279/depositonce-5042"
"oai:depositonce.tu-berlin.de:11303/6403","2017-06-23T09:18:43Z","https://creativecommons.org/licenses/by-nc/4.0/",3,0,0,3,2,0,2,1,0,1,1,0,5,1,1,1,4,"10.14279/depositonce-5950"
"oai:depositonce.tu-berlin.de:11303/22469","2024-09-05T06:31:22Z","https://creativecommons.org/licenses/by-sa/4.0/",5,0,0,3,2,0,2,1,0,0,1,0,11,1,1,1,1,"10.14279/depositonce-21270"
"oai:depositonce.tu-berlin.de:11303/8398","2018-11-02T08:50:57Z","http://rightsstatements.org/vocab/InC/1.0/",2,0,0,3,2,0,2,1,0,1,1,0,9,1,1,1,4,"10.14279/depositonce-7547"
"oai:depositonce.tu-berlin.de:11303/20209","2023-10-13T13:41:19Z","https://creativecommons.org/licenses/by/4.0/",2,0,0,3,2,0,2,1,0,1,1,0,9,1,1,1,1,"10.14279/depositonce-19007"
"oai:depositonce.tu-berlin.de:11303/9009","2019-01-23T10:57:05Z","https://creativecommons.org/licenses/by/4.0/",1,0,0,3,1,0,2,1,0,1,1,0,10,1,1,1,4,"10.14279/depositonce-8125"
"oai:depositonce.tu-berlin.de:11303/19114","2023-06-06T13:27:30Z","https://creativecommons.org/licenses/by/4.0/",2,0,0,3,2,0,2,3,0,1,1,0,9,1,1,1,1,"10.14279/depositonce-17911"
"oai:depositonce.tu-berlin.de:11303/16781","2022-05-04T07:49:38Z","https://creativecommons.org/licenses/by/4.0/",1,0,0,3,2,0,2,1,0,0,1,0,6,1,1,1,4,"10.14279/depositonce-15559"
"oai:depositonce.tu-berlin.de:11303/16124","2022-01-13T13:53:59Z","https://creativecommons.org/licenses/by/4.0/",1,0,0,3,1,0,2,1,0,1,1,0,4,1,1,1,4,"10.14279/depositonce-14898"
"oai:depositonce.tu-berlin.de:11303/19659","2023-07-31T12:17:52Z","https://creativecommons.org/licenses/by/4.0/",1,0,0,3,1,0,2,1,0,0,1,0,7,1,1,1,1,"10.14279/depositonce-18458"
"oai:depositonce.tu-berlin.de:11303/16204","2022-02-23T12:44:25Z","https://choosealicense.com/licenses/mit/",5,0,0,3,3,0,2,1,0,2,1,0,8,1,1,1,4,"10.14279/depositonce-14978"
"oai:depositonce.tu-berlin.de:11303/20221","2023-10-13T13:41:42Z","https://creativecommons.org/licenses/by/4.0/",2,0,0,3,2,0,2,1,0,1,1,0,9,1,1,1,1,"10.14279/depositonce-19019"
"oai:depositonce.tu-berlin.de:11303/18993","2023-06-05T11:13:23Z","https://creativecommons.org/licenses/by/4.0/",2,0,0,3,2,0,2,3,0,45,1,0,15,2,1,1,1,"10.14279/depositonce-17793"
"oai:depositonce.tu-berlin.de:11303/19692","2023-08-02T11:24:55Z","https://creativecommons.org/licenses/by/4.0/",2,0,0,3,2,0,2,3,0,1,1,0,9,1,1,1,1,"10.14279/depositonce-18491"
"oai:depositonce.tu-berlin.de:11303/19085","2023-06-06T11:26:50Z","https://creativecommons.org/licenses/by/4.0/",2,0,0,3,2,0,2,3,0,1,1,0,9,1,1,1,1,"10.14279/depositonce-17882"
"oai:depositonce.tu-berlin.de:11303/11771","2020-10-23T07:56:59Z","https://choosealicense.com/licenses/gpl-3.0/",2,0,0,3,2,0,2,1,0,0,1,0,4,1,1,1,8,"10.14279/depositonce-10659"
"oai:depositonce.tu-berlin.de:11303/19072","2023-06-06T12:57:57Z","https://creativecommons.org/licenses/by/4.0/",2,0,0,3,2,0,2,3,0,1,1,0,9,1,1,1,1,"10.14279/depositonce-17869"
"oai:depositonce.tu-berlin.de:11303/8422","2019-02-14T14:37:04Z","https://creativecommons.org/licenses/by/4.0/",9,0,0,3,2,0,2,1,0,1,1,0,7,1,1,1,4,"10.14279/depositonce-7568"
"oai:depositonce.tu-berlin.de:11303/9666","2019-08-07T06:52:07Z","https://choosealicense.com/licenses/gpl-3.0/",1,0,0,3,1,0,2,1,0,3,1,0,8,1,1,1,4,"10.14279/depositonce-8709"
"oai:depositonce.tu-berlin.de:11303/21276","2024-03-22T07:20:35Z","https://creativecommons.org/licenses/by/4.0/",2,0,0,3,2,0,2,1,0,2,1,0,6,1,1,1,1,"10.14279/depositonce-20076"
"oai:depositonce.tu-berlin.de:11303/11543","2020-08-03T07:48:16Z","https://creativecommons.org/licenses/by/4.0/",6,0,0,3,1,0,2,1,0,0,1,0,4,1,1,1,4,"10.14279/depositonce-10428"
"oai:depositonce.tu-berlin.de:11303/19491","2023-07-12T06:33:28Z","https://creativecommons.org/licenses/by/4.0/",2,0,0,3,2,0,2,3,0,1,1,0,9,1,1,1,1,"10.14279/depositonce-18289"
"oai:depositonce.tu-berlin.de:11303/19080","2023-06-06T11:55:55Z","https://creativecommons.org/licenses/by/4.0/",2,0,0,3,2,0,2,3,0,1,1,0,9,1,1,1,1,"10.14279/depositonce-17877"
"oai:depositonce.tu-berlin.de:11303/18290","2023-03-10T07:59:24Z","https://creativecommons.org/licenses/by/4.0/",3,0,0,3,2,0,2,1,0,1,1,0,6,1,1,1,1,"10.14279/depositonce-17084"
"oai:depositonce.tu-berlin.de:11303/11555","2020-09-14T06:46:49Z","https://creativecommons.org/licenses/by-sa/4.0/",5,0,0,3,1,0,2,1,0,1,1,0,5,1,1,1,4,"10.14279/depositonce-10440"
"oai:depositonce.tu-berlin.de:11303/8027","2018-07-23T07:57:34Z","https://creativecommons.org/licenses/by/4.0/",4,0,0,3,1,0,2,1,0,1,1,0,7,1,1,1,4,"10.14279/depositonce-7191"
"oai:depositonce.tu-berlin.de:11303/16754","2022-04-21T08:49:26Z","https://choosealicense.com/licenses/mit/",5,0,0,3,1,0,2,1,0,0,1,0,6,1,1,1,4,"10.14279/depositonce-15532"
"oai:depositonce.tu-berlin.de:11303/5362","2016-03-11T14:12:15Z","https://creativecommons.org/licenses/by-nc-nd/4.0/",2,0,0,3,1,0,2,1,0,0,1,0,9,1,1,1,8,"10.14279/depositonce-5040"
"oai:depositonce.tu-berlin.de:11303/11485","2020-07-13T06:26:11Z","https://choosealicense.com/licenses/lgpl-3.0/",2,0,0,3,1,0,2,1,0,0,1,0,3,1,1,1,4,"10.14279/depositonce-10369"
"oai:depositonce.tu-berlin.de:11303/20073","2023-09-27T08:28:44Z","https://creativecommons.org/licenses/by/4.0/",2,0,0,3,2,0,2,1,0,1,1,0,9,1,1,1,1,"10.14279/depositonce-18871"
"oai:depositonce.tu-berlin.de:11303/19679","2023-08-18T05:41:52Z","https://creativecommons.org/licenses/by-nc-sa/4.0/",1,0,0,3,1,0,2,1,0,0,1,0,8,1,1,1,1,"10.14279/depositonce-18478"
"oai:depositonce.tu-berlin.de:11303/11930","2020-11-17T08:19:33Z","https://creativecommons.org/licenses/by/4.0/",2,0,0,3,2,0,2,1,0,0,1,0,4,1,1,1,4,"10.14279/depositonce-10821"
"oai:depositonce.tu-berlin.de:11303/19130","2023-06-07T11:05:59Z","https://creativecommons.org/licenses/by/4.0/",2,0,0,3,2,0,2,3,0,1,1,0,9,1,1,1,1,"10.14279/depositonce-17927"
"oai:depositonce.tu-berlin.de:11303/6747","2017-10-12T09:40:27Z","https://creativecommons.org/licenses/by-nc/4.0/",3,0,0,3,4,0,2,1,0,3,1,0,5,1,1,1,4,"10.14279/depositonce-6173"
"oai:depositonce.tu-berlin.de:11303/9480","2019-06-12T07:44:15Z","https://creativecommons.org/licenses/by-nc-sa/4.0/",7,0,0,3,2,0,2,1,0,0,1,0,8,1,1,1,4,"10.14279/depositonce-8537"
"oai:depositonce.tu-berlin.de:11303/7394","2018-02-01T09:18:41Z","http://rightsstatements.org/vocab/InC/1.0/",1,0,0,3,1,0,2,1,0,1,1,0,5,1,1,1,4,"10.14279/depositonce-6644"
"oai:depositonce.tu-berlin.de:11303/13954","2021-11-26T09:59:08Z","https://creativecommons.org/licenses/by/4.0/",1,0,0,3,1,0,2,1,0,1,1,0,4,1,1,1,4,"10.14279/depositonce-12728"
"oai:depositonce.tu-berlin.de:11303/12845","2021-03-18T09:33:36Z","https://choosealicense.com/licenses/mit/",1,0,0,3,2,0,2,1,0,0,1,0,5,1,1,1,4,"10.14279/depositonce-11645"
"oai:depositonce.tu-berlin.de:11303/7614","2018-04-19T06:07:55Z","https://creativecommons.org/licenses/by/4.0/",2,0,0,3,2,0,2,1,0,4,1,0,10,1,1,1,3,"10.14279/depositonce-6804"
"oai:depositonce.tu-berlin.de:11303/20006","2023-09-15T08:06:01Z","https://creativecommons.org/licenses/by/4.0/",2,0,0,3,1,0,2,1,0,0,1,0,10,1,1,1,1,"10.14279/depositonce-18804"
"oai:depositonce.tu-berlin.de:11303/8371","2018-11-09T09:19:55Z","http://rightsstatements.org/vocab/InC/1.0/",1,0,0,3,2,0,2,1,0,1,1,0,11,2,1,1,4,"10.14279/depositonce-7520"
"oai:depositonce.tu-berlin.de:11303/21350","2024-04-10T07:24:35Z","https://creativecommons.org/licenses/by-nd/4.0/",1,0,0,3,2,0,2,2,0,0,1,0,9,1,1,1,1,"10.14279/depositonce-20150"
"oai:depositonce.tu-berlin.de:11303/19399","2023-06-21T11:13:51Z","https://creativecommons.org/licenses/by/4.0/",2,0,0,3,2,0,2,3,0,1,1,0,9,1,1,1,1,"10.14279/depositonce-18195"
"oai:depositonce.tu-berlin.de:11303/20320","2023-10-18T14:02:01Z","https://creativecommons.org/licenses/by/4.0/",1,0,0,3,2,0,2,1,0,1,1,0,8,1,1,1,1,"10.14279/depositonce-19118"
"oai:depositonce.tu-berlin.de:11303/12662","2021-03-03T09:06:00Z","https://creativecommons.org/licenses/by/4.0/",1,0,0,3,1,0,2,1,0,1,1,0,3,1,1,1,4,"10.14279/depositonce-11469"
"oai:depositonce.tu-berlin.de:11303/10920","2020-03-12T12:48:23Z","http://rightsstatements.org/vocab/InC/1.0/",3,0,0,3,2,0,2,1,0,0,1,0,4,1,1,1,4,"10.14279/depositonce-9813"
"oai:depositonce.tu-berlin.de:11303/21058","2024-02-13T12:13:59Z","http://rightsstatements.org/vocab/InC/1.0/",12,0,0,3,1,0,2,1,0,1,1,0,5,1,1,1,8,"10.14279/depositonce-19858"
"oai:depositonce.tu-berlin.de:11303/21877","2024-12-05T09:30:20Z","https://creativecommons.org/licenses/by/4.0/",5,0,0,3,2,0,2,1,0,0,1,0,9,1,1,1,1,"10.14279/depositonce-20678"
"oai:depositonce.tu-berlin.de:11303/11216","2020-05-27T11:59:44Z","https://choosealicense.com/licenses/mit/",5,0,0,3,5,0,2,1,0,1,1,0,5,1,1,1,4,"10.14279/depositonce-10104"
"oai:depositonce.tu-berlin.de:11303/19077","2023-06-06T12:17:25Z","https://creativecommons.org/licenses/by/4.0/",2,0,0,3,2,0,2,3,0,1,1,0,9,1,1,1,1,"10.14279/depositonce-17874"
"oai:depositonce.tu-berlin.de:11303/10451","2020-01-22T10:13:30Z","https://creativecommons.org/licenses/by/4.0/",7,0,0,3,3,0,2,1,0,1,1,0,10,1,1,1,4,"10.14279/depositonce-9403"
"oai:depositonce.tu-berlin.de:11303/6571","2017-08-14T08:25:42Z","https://creativecommons.org/licenses/by-nc/4.0/",2,0,0,3,1,0,2,1,0,2,1,0,4,1,1,1,4,"10.14279/depositonce-6064"
"oai:depositonce.tu-berlin.de:11303/9389","2019-06-20T11:43:07Z","https://creativecommons.org/licenses/by/4.0/",1,0,0,3,1,0,2,1,0,1,1,0,4,1,1,1,4,"10.14279/depositonce-8447"
"oai:depositonce.tu-berlin.de:11303/16215","2022-01-31T08:43:34Z","https://creativecommons.org/licenses/by/4.0/",2,0,0,3,1,0,2,1,0,1,1,0,5,1,1,1,4,"10.14279/depositonce-14989"
"oai:depositonce.tu-berlin.de:11303/13648","2021-11-10T08:57:43Z","https://creativecommons.org/licenses/by/4.0/",3,0,0,3,1,0,2,1,0,1,1,0,4,1,1,1,4,"10.14279/depositonce-12436"
"oai:depositonce.tu-berlin.de:11303/21586","2024-04-25T06:09:08Z","https://choosealicense.com/licenses/gpl-3.0/",3,0,0,3,2,0,2,2,0,0,1,0,8,1,1,1,1,"10.14279/depositonce-20386"
"oai:depositonce.tu-berlin.de:11303/7842","2018-05-25T09:18:07Z","https://creativecommons.org/licenses/by-sa/4.0/",2,0,0,3,1,0,2,1,0,2,1,0,5,1,1,1,4,"10.14279/depositonce-7002"
"oai:depositonce.tu-berlin.de:11303/16590","2022-05-03T07:47:32Z","https://creativecommons.org/licenses/by/4.0/",3,0,0,3,2,0,2,1,0,1,1,0,6,1,1,1,3,"10.14279/depositonce-15367"
"oai:depositonce.tu-berlin.de:11303/19059","2023-05-26T10:03:04Z","http://rightsstatements.org/vocab/InC/1.0/",1,0,0,3,2,0,2,1,0,1,1,0,8,1,1,1,1,"10.14279/depositonce-17856"
"oai:depositonce.tu-berlin.de:11303/19115","2023-06-06T13:37:16Z","https://creativecommons.org/licenses/by/4.0/",2,0,0,3,2,0,2,3,0,1,1,0,9,1,1,1,1,"10.14279/depositonce-17912"
"oai:depositonce.tu-berlin.de:11303/11529","2020-07-28T08:30:18Z","https://choosealicense.com/licenses/gpl-3.0/",1,0,0,3,2,0,2,1,0,4,1,0,3,1,1,1,4,"10.14279/depositonce-10413"
"oai:depositonce.tu-berlin.de:11303/7843.4","2020-09-14T06:43:11Z","https://creativecommons.org/licenses/by-nc-sa/4.0/",7,0,0,3,2,0,2,1,0,1,1,0,4,1,1,1,4,"10.14279/depositonce-7003.4"
"oai:depositonce.tu-berlin.de:11303/9585","2019-07-26T09:10:15Z","https://creativecommons.org/licenses/by-sa/4.0/",1,0,0,3,1,0,2,1,0,1,1,0,12,1,1,1,4,"10.14279/depositonce-8630"
"oai:depositonce.tu-berlin.de:11303/21313","2024-04-11T05:46:22Z","https://creativecommons.org/licenses/by-nc-sa/4.0/",4,0,0,3,2,0,2,1,0,4,1,0,11,1,1,1,1,"10.14279/depositonce-20113"
"oai:depositonce.tu-berlin.de:11303/19939","2023-09-07T06:03:37Z","https://creativecommons.org/licenses/by/4.0/",1,0,0,3,2,0,2,1,0,0,1,0,10,1,1,1,1,"10.14279/depositonce-18737"
"oai:depositonce.tu-berlin.de:11303/20170","2023-10-13T12:49:54Z","https://creativecommons.org/licenses/by/4.0/",1,0,0,3,1,0,2,1,0,0,1,0,10,1,1,1,1,"10.14279/depositonce-18968"
"oai:depositonce.tu-berlin.de:11303/19498","2023-07-13T10:28:19Z","https://creativecommons.org/licenses/by/4.0/",2,0,0,3,2,0,2,3,0,1,1,0,9,1,1,1,1,"10.14279/depositonce-18296"
"oai:depositonce.tu-berlin.de:11303/16995.3","2023-01-26T07:48:14Z","https://creativecommons.org/licenses/by-sa/4.0/",5,0,0,3,1,0,2,1,0,1,1,0,5,1,1,1,4,"10.14279/depositonce-15774.3"
"oai:depositonce.tu-berlin.de:11303/17990","2023-01-16T11:16:21Z","https://choosealicense.com/licenses/mit/",5,0,0,3,7,0,2,1,0,1,1,0,6,1,1,1,1,"10.14279/depositonce-16782"
"oai:depositonce.tu-berlin.de:11303/20072","2023-09-27T08:28:47Z","https://creativecommons.org/licenses/by/4.0/",2,0,0,3,2,0,2,1,0,1,1,0,10,1,1,1,1,"10.14279/depositonce-18870"
"oai:depositonce.tu-berlin.de:11303/13437","2021-07-30T08:26:26Z","https://choosealicense.com/licenses/mit/",1,0,0,3,1,0,2,1,0,1,1,0,8,1,1,1,4,"10.14279/depositonce-12223"
"oai:depositonce.tu-berlin.de:11303/10601","2020-05-14T09:23:15Z","https://creativecommons.org/licenses/by-nc-nd/4.0/",1,0,0,3,1,0,2,1,0,1,1,0,21,1,1,1,4,"10.14279/depositonce-9527"
"oai:depositonce.tu-berlin.de:11303/10378","2020-07-13T06:49:38Z","https://creativecommons.org/licenses/by/4.0/",6,0,0,3,2,0,2,1,0,1,1,0,8,1,1,1,4,"10.14279/depositonce-9338"
"oai:depositonce.tu-berlin.de:11303/20698","2023-11-27T11:18:38Z","https://creativecommons.org/licenses/by/4.0/",6,0,0,3,1,0,2,1,0,0,1,0,9,1,1,1,1,"10.14279/depositonce-19496"
"oai:depositonce.tu-berlin.de:11303/12129","2020-12-17T08:49:55Z","https://creativecommons.org/licenses/by-nc/4.0/",1,0,0,3,1,0,2,1,0,1,1,0,7,1,1,1,4,"10.14279/depositonce-11002"
"oai:depositonce.tu-berlin.de:11303/17244","2022-07-20T09:54:22Z","https://creativecommons.org/licenses/by/4.0/",6,0,0,3,1,0,2,1,0,0,1,0,5,1,1,1,4,"10.14279/depositonce-16023"
"oai:depositonce.tu-berlin.de:11303/10691","2020-02-21T10:27:34Z","https://creativecommons.org/licenses/by/4.0/",1,0,0,3,1,0,2,1,0,1,1,0,13,1,1,1,4,"10.14279/depositonce-9591"
"oai:depositonce.tu-berlin.de:11303/20211","2023-10-13T13:41:28Z","https://creativecommons.org/licenses/by/4.0/",3,0,0,3,2,0,2,1,0,1,1,0,11,1,1,1,1,"10.14279/depositonce-19009"
"oai:depositonce.tu-berlin.de:11303/21055","2024-02-14T07:53:39Z","https://creativecommons.org/licenses/by-nc/4.0/",9,0,0,3,1,0,2,1,0,0,1,0,6,1,1,1,1,"10.14279/depositonce-19855"
"oai:depositonce.tu-berlin.de:11303/23614","2024-12-19T16:04:57Z","https://creativecommons.org/licenses/by/4.0/",3,0,0,3,2,0,2,1,0,0,1,0,10,1,1,1,1,"10.14279/depositonce-22428"
"oai:depositonce.tu-berlin.de:11303/13153","2021-06-01T08:44:23Z","https://creativecommons.org/licenses/by/4.0/",8,0,0,3,2,0,2,1,0,0,1,0,4,1,1,1,4,"10.14279/depositonce-11947"
"oai:depositonce.tu-berlin.de:11303/14014","2021-12-09T14:06:03Z","https://choosealicense.com/licenses/gpl-3.0/",3,0,0,3,1,0,2,1,0,1,1,0,4,1,1,1,4,"10.14279/depositonce-12787"
"oai:depositonce.tu-berlin.de:11303/20220","2023-10-13T13:41:38Z","https://creativecommons.org/licenses/by/4.0/",3,0,0,3,2,0,2,1,0,1,1,0,9,1,1,1,1,"10.14279/depositonce-19018"
"oai:depositonce.tu-berlin.de:11303/21552","2024-04-24T09:48:50Z","https://creativecommons.org/licenses/by-nd/4.0/",2,0,0,3,2,0,2,1,0,0,1,0,5,1,1,1,1,"10.14279/depositonce-20352"
"oai:depositonce.tu-berlin.de:11303/20927","2024-01-11T08:45:45Z","https://choosealicense.com/licenses/gpl-3.0/",2,0,0,3,2,0,2,1,0,0,1,0,9,1,1,1,1,"10.14279/depositonce-19725"
"oai:depositonce.tu-berlin.de:11303/14028","2021-12-20T10:36:40Z","https://creativecommons.org/licenses/by/4.0/",2,0,0,3,1,0,2,1,0,0,1,0,3,1,1,1,4,"10.14279/depositonce-12801"
"oai:depositonce.tu-berlin.de:11303/17001","2022-10-21T15:07:16Z","https://creativecommons.org/publicdomain/zero/1.0/",3,0,0,3,1,0,2,1,0,1,1,0,10,1,1,1,3,"10.14279/depositonce-15780"
"oai:depositonce.tu-berlin.de:11303/13238","2021-06-14T08:38:59Z","https://creativecommons.org/licenses/by/4.0/",1,0,0,3,1,0,2,1,0,1,1,0,7,1,1,1,4,"10.14279/depositonce-12033"
"oai:depositonce.tu-berlin.de:11303/21565","2024-04-29T13:11:38Z","https://creativecommons.org/licenses/by-nc-sa/4.0/",6,0,0,3,2,0,2,1,0,0,1,0,11,1,1,1,1,"10.14279/depositonce-20365"
"oai:depositonce.tu-berlin.de:11303/5854","2016-08-26T11:11:19Z","https://creativecommons.org/licenses/by/4.0/",6,0,0,3,2,0,2,1,0,1,1,0,1,1,1,1,4,"10.14279/depositonce-5453"
"oai:depositonce.tu-berlin.de:11303/10710","2020-05-06T11:22:43Z","https://creativecommons.org/publicdomain/zero/1.0/",3,0,0,3,1,0,2,1,0,1,1,0,10,1,1,1,3,"10.14279/depositonce-9607"
"oai:depositonce.tu-berlin.de:11303/9559","2019-07-26T10:08:05Z","https://creativecommons.org/licenses/by-sa/4.0/",2,0,0,3,2,0,2,1,0,1,1,0,3,1,1,1,4,"10.14279/depositonce-8607"
"oai:depositonce.tu-berlin.de:11303/13458","2021-07-30T08:29:18Z","https://choosealicense.com/licenses/mit/",3,0,0,3,3,0,2,1,0,1,1,0,6,1,1,1,4,"10.14279/depositonce-12244"
"oai:depositonce.tu-berlin.de:11303/7448","2018-02-15T10:23:53Z","https://creativecommons.org/licenses/by/4.0/",2,0,0,3,1,0,2,1,0,1,1,0,6,1,1,1,4,"10.14279/depositonce-6674"
"oai:depositonce.tu-berlin.de:11303/9241","2019-03-28T11:21:41Z","https://creativecommons.org/licenses/by/4.0/",11,0,0,3,2,0,2,1,0,1,1,0,5,1,1,1,4,"10.14279/depositonce-8321"
"oai:depositonce.tu-berlin.de:11303/21041","2024-07-11T07:29:31Z","https://creativecommons.org/licenses/by/4.0/",5,0,0,3,2,0,2,1,0,0,1,0,7,1,1,1,1,"10.14279/depositonce-19841"
"oai:depositonce.tu-berlin.de:11303/8318","2018-10-10T08:12:28Z","https://creativecommons.org/licenses/by-nc-sa/4.0/",3,0,0,3,2,0,2,1,0,0,1,0,4,1,1,1,4,"10.14279/depositonce-7469"
"oai:depositonce.tu-berlin.de:11303/9531","2019-07-26T10:23:44Z","http://rightsstatements.org/vocab/InC/1.0/",2,0,0,3,1,0,2,1,0,0,1,0,5,1,1,1,4,"10.14279/depositonce-8582"
"oai:depositonce.tu-berlin.de:11303/5552.3","2018-07-23T07:54:01Z","https://choosealicense.com/licenses/gpl-3.0/",4,0,0,5,1,0,2,1,0,1,1,0,6,1,1,1,4,"10.14279/depositonce-5181.3"
"oai:depositonce.tu-berlin.de:11303/20042","2024-02-14T08:21:07Z","https://creativecommons.org/licenses/by/4.0/",20,0,0,3,2,0,2,1,0,2,1,0,17,1,1,1,1,"10.14279/depositonce-18840"
"oai:depositonce.tu-berlin.de:11303/17365","2022-08-31T09:53:34Z","https://choosealicense.com/licenses/gpl-3.0/",3,0,0,3,1,0,2,1,0,1,1,0,4,1,1,1,4,"10.14279/depositonce-16146"
"oai:depositonce.tu-berlin.de:11303/10989.2","2020-05-06T12:18:35Z","https://creativecommons.org/licenses/by/4.0/",7,0,0,4,1,0,2,1,0,0,1,0,8,1,1,1,4,"10.14279/depositonce-9881.2"
"oai:depositonce.tu-berlin.de:11303/8977","2019-01-14T08:59:06Z","https://creativecommons.org/licenses/by/4.0/",1,0,0,3,1,0,2,1,0,1,1,0,3,1,1,1,4,"10.14279/depositonce-8100"
"oai:depositonce.tu-berlin.de:11303/5933","2016-10-13T05:59:55Z","https://creativecommons.org/publicdomain/zero/1.0/",3,0,0,3,1,0,2,1,0,1,1,0,3,1,1,1,4,"10.14279/depositonce-5523"
"oai:depositonce.tu-berlin.de:11303/11128","2020-05-13T10:53:09Z","http://rightsstatements.org/vocab/InC/1.0/",2,0,0,3,1,0,2,1,0,1,1,0,5,1,1,1,4,"10.14279/depositonce-10019"
"oai:depositonce.tu-berlin.de:11303/22705","2024-10-11T09:23:38Z","https://creativecommons.org/licenses/by/4.0/",1,0,0,3,3,0,2,1,0,0,1,0,12,1,1,1,1,"10.14279/depositonce-21515"
"oai:depositonce.tu-berlin.de:11303/18798","2023-05-11T12:21:35Z","https://creativecommons.org/licenses/by/4.0/",1,0,0,3,1,0,2,1,0,1,1,0,7,1,1,1,1,"10.14279/depositonce-17603"
"oai:depositonce.tu-berlin.de:11303/9429","2019-05-14T11:53:37Z","https://creativecommons.org/licenses/by/4.0/",8,0,0,3,1,0,2,1,0,2,1,0,2,1,1,1,4,"10.14279/depositonce-8487"
"oai:depositonce.tu-berlin.de:11303/19662","2023-07-31T12:18:03Z","https://creativecommons.org/licenses/by/4.0/",1,0,0,3,1,0,2,1,0,0,1,0,7,1,1,1,1,"10.14279/depositonce-18461"
"oai:depositonce.tu-berlin.de:11303/11124","2021-03-03T08:56:35Z","https://creativecommons.org/licenses/by-nc-nd/4.0/",4,0,0,3,1,0,2,1,0,1,1,0,5,1,1,1,4,"10.14279/depositonce-10014"
"oai:depositonce.tu-berlin.de:11303/17091","2022-06-20T11:13:24Z","https://creativecommons.org/licenses/by-nc/4.0/",4,0,0,3,2,0,2,1,0,0,1,0,7,1,1,1,4,"10.14279/depositonce-15870"
"oai:depositonce.tu-berlin.de:11303/11552","2020-08-03T07:26:14Z","https://choosealicense.com/licenses/gpl-3.0/",1,0,0,3,1,0,2,1,0,4,1,0,3,1,1,1,4,"10.14279/depositonce-10437"
"oai:depositonce.tu-berlin.de:11303/16231","2022-02-17T10:27:04Z","https://creativecommons.org/licenses/by/4.0/",4,0,0,3,1,0,2,1,0,2,1,0,14,1,1,1,4,"10.14279/depositonce-15006"
"oai:depositonce.tu-berlin.de:11303/8417","2018-12-17T21:12:39Z","http://rightsstatements.org/vocab/InC/1.0/",8,0,0,3,1,0,2,1,0,1,1,0,3,1,1,1,4,"10.14279/depositonce-7563"
"oai:depositonce.tu-berlin.de:11303/7505.5","2019-05-10T08:52:41Z","https://creativecommons.org/licenses/by-nc-sa/4.0/",3,0,0,5,1,0,2,1,0,0,1,0,4,2,1,1,4,"10.14279/depositonce-6725.5"
"oai:depositonce.tu-berlin.de:11303/19050","2023-05-22T07:14:28Z","https://creativecommons.org/licenses/by/4.0/",5,0,0,3,1,0,2,1,0,0,1,0,8,1,1,1,1,"10.14279/depositonce-17846"
"oai:depositonce.tu-berlin.de:11303/22760.3","2024-10-18T07:53:40Z","https://creativecommons.org/licenses/by/4.0/",4,0,0,3,1,0,2,1,0,0,1,0,13,1,1,1,1,"10.14279/depositonce-21707"
"oai:depositonce.tu-berlin.de:11303/10602","2020-05-14T09:36:26Z","https://creativecommons.org/licenses/by-nc-nd/4.0/",1,0,0,3,1,0,2,1,0,1,1,0,23,1,1,1,4,"10.14279/depositonce-9528"
"oai:depositonce.tu-berlin.de:11303/12233","2020-12-18T10:32:55Z","https://creativecommons.org/licenses/by/4.0/",2,0,0,3,1,0,2,1,0,1,1,0,5,1,1,1,4,"10.14279/depositonce-11105"
"oai:depositonce.tu-berlin.de:11303/9404","2019-05-03T08:02:38Z","https://creativecommons.org/licenses/by/4.0/",1,0,0,3,1,0,2,1,0,0,1,0,5,1,1,1,4,"10.14279/depositonce-8460"
"oai:depositonce.tu-berlin.de:11303/11122","2020-05-13T05:55:54Z","https://creativecommons.org/licenses/by-nc-nd/4.0/",2,0,0,3,2,0,2,1,0,0,1,0,8,1,1,1,4,"10.14279/depositonce-10012"
"oai:depositonce.tu-berlin.de:11303/23170","2024-11-06T09:11:19Z","https://creativecommons.org/licenses/by-nc/4.0/",1,0,0,3,2,0,2,1,0,0,1,0,11,1,1,1,1,"10.14279/depositonce-21984"
"oai:depositonce.tu-berlin.de:11303/6430","2017-07-07T11:58:35Z","https://creativecommons.org/licenses/by/4.0/",2,0,0,3,3,0,2,1,0,1,1,0,7,1,1,1,4,"10.14279/depositonce-5977"
"oai:depositonce.tu-berlin.de:11303/21882","2024-06-19T06:59:43Z","https://creativecommons.org/licenses/by/4.0/",7,0,0,3,2,0,2,1,0,1,1,0,12,1,1,1,1,"10.14279/depositonce-20683"
"oai:depositonce.tu-berlin.de:11303/7509.2","2021-01-21T09:03:24Z","https://creativecommons.org/licenses/by/4.0/",3,0,0,3,2,0,2,1,0,0,1,0,5,1,1,1,4,"10.14279/depositonce-6729.2"
"oai:depositonce.tu-berlin.de:11303/6271.2","2017-11-21T09:22:25Z","https://creativecommons.org/licenses/by/4.0/",6,0,0,4,1,0,2,1,0,0,1,0,9,1,1,1,4,"10.14279/depositonce-5830.2"
"oai:depositonce.tu-berlin.de:11303/17658","2022-11-11T13:38:03Z","https://creativecommons.org/licenses/by/4.0/",6,0,0,3,1,0,2,1,0,0,1,0,7,1,1,1,1,"10.14279/depositonce-16442"
"oai:depositonce.tu-berlin.de:11303/7508","2018-03-22T08:30:14Z","https://creativecommons.org/licenses/by/4.0/",4,0,0,3,2,0,2,1,0,1,1,0,2,1,1,1,4,"10.14279/depositonce-6728"
"oai:depositonce.tu-berlin.de:11303/8391","2018-11-02T09:01:40Z","http://rightsstatements.org/vocab/InC/1.0/",3,0,0,3,2,0,2,1,0,1,1,0,6,1,1,1,4,"10.14279/depositonce-7540"
"oai:depositonce.tu-berlin.de:11303/20074","2023-09-27T08:28:41Z","https://creativecommons.org/licenses/by/4.0/",1,0,0,3,2,0,2,1,0,2,1,0,10,1,1,1,1,"10.14279/depositonce-18872"
"oai:depositonce.tu-berlin.de:11303/7520.3","2018-06-29T07:10:32Z","https://choosealicense.com/licenses/gpl-3.0/",4,0,0,5,2,0,2,1,0,0,1,0,7,1,1,1,4,"10.14279/depositonce-6740.3"
"oai:depositonce.tu-berlin.de:11303/7683","2018-04-23T15:28:39Z","https://creativecommons.org/publicdomain/zero/1.0/",2,0,0,3,1,0,2,1,0,1,1,0,10,1,1,1,3,"10.14279/depositonce-6867"
"oai:depositonce.tu-berlin.de:11303/6306","2017-04-20T10:50:20Z","http://rightsstatements.org/vocab/InC/1.0/",3,0,0,3,0,0,2,1,0,1,1,0,1,1,1,1,4,"10.14279/depositonce-5862"
"oai:depositonce.tu-berlin.de:11303/13097.2","2022-04-07T11:41:57Z","https://creativecommons.org/licenses/by/4.0/",3,0,0,3,2,0,2,2,0,0,1,0,6,2,1,1,4,"10.14279/depositonce-11893.2"
"oai:depositonce.tu-berlin.de:11303/12696","2021-03-05T08:53:18Z","http://rightsstatements.org/vocab/InC/1.0/",3,0,0,3,1,0,2,1,0,1,1,0,6,1,1,1,4,"10.14279/depositonce-11496"
"oai:depositonce.tu-berlin.de:11303/20730","2024-01-25T12:19:10Z","https://creativecommons.org/licenses/by/4.0/",10,0,0,3,2,0,2,1,0,0,1,0,9,1,1,1,1,"10.14279/depositonce-19528"
"oai:depositonce.tu-berlin.de:11303/19075","2023-06-06T12:34:50Z","https://creativecommons.org/licenses/by/4.0/",2,0,0,3,2,0,2,3,0,1,1,0,9,1,1,1,1,"10.14279/depositonce-17872"
"oai:depositonce.tu-berlin.de:11303/20716","2023-11-29T08:17:10Z","https://choosealicense.com/licenses/gpl-3.0/",2,0,0,3,2,0,2,1,0,2,1,0,6,1,1,1,1,"10.14279/depositonce-19515"
"oai:depositonce.tu-berlin.de:11303/20722","2023-11-29T08:15:37Z","https://choosealicense.com/licenses/gpl-3.0/",2,0,0,3,2,0,2,1,0,2,1,0,6,1,1,1,1,"10.14279/depositonce-19514"
"oai:depositonce.tu-berlin.de:11303/6738","2017-09-27T07:02:56Z","https://www.gnu.org/licenses/old-licenses/gpl-2.0-standalone.html",1,0,0,3,1,0,2,1,0,1,1,0,7,1,1,1,4,"10.14279/depositonce-6164"
"oai:depositonce.tu-berlin.de:11303/10549","2020-01-31T08:27:20Z","https://creativecommons.org/licenses/by/4.0/",6,0,0,3,1,0,2,1,0,1,1,0,7,1,1,1,4,"10.14279/depositonce-9478"
"oai:depositonce.tu-berlin.de:11303/11740.2","2020-11-17T08:29:12Z","https://choosealicense.com/licenses/gpl-3.0/",2,0,0,3,2,0,2,1,0,0,1,0,5,1,1,1,8,"10.14279/depositonce-10630.2"
"oai:depositonce.tu-berlin.de:11303/16203","2022-02-23T12:43:43Z","https://choosealicense.com/licenses/mit/",5,0,0,3,3,0,2,1,0,2,1,0,6,1,1,1,4,"10.14279/depositonce-14977"
"oai:depositonce.tu-berlin.de:11303/7527","2018-04-06T06:13:08Z","https://creativecommons.org/licenses/by-nd/4.0/",4,0,0,3,1,0,2,1,0,0,1,0,5,1,1,1,4,"10.14279/depositonce-6747"
"oai:depositonce.tu-berlin.de:11303/7435","2018-02-13T09:45:21Z","https://creativecommons.org/licenses/by/4.0/",2,0,0,3,2,0,2,1,0,0,1,0,5,1,1,1,4,"10.14279/depositonce-6673"
"oai:depositonce.tu-berlin.de:11303/13962","2021-11-25T11:30:26Z","http://rightsstatements.org/vocab/InC/1.0/",2,0,0,3,1,0,2,1,0,1,1,0,5,1,1,1,4,"10.14279/depositonce-12735"
"oai:depositonce.tu-berlin.de:11303/22207","2024-08-01T12:02:16Z","https://creativecommons.org/licenses/by/4.0/",6,0,0,3,1,0,2,1,0,1,1,0,10,1,1,1,1,"10.14279/depositonce-21008"
"oai:depositonce.tu-berlin.de:11303/12518","2021-02-09T08:39:21Z","https://creativecommons.org/licenses/by/4.0/",4,0,0,3,2,0,2,1,0,0,1,0,6,1,1,1,4,"10.14279/depositonce-11337"
"oai:depositonce.tu-berlin.de:11303/11486","2020-07-13T06:15:20Z","https://choosealicense.com/licenses/lgpl-3.0/",2,0,0,3,1,0,2,1,0,0,1,0,5,1,1,1,4,"10.14279/depositonce-10370"
"oai:depositonce.tu-berlin.de:11303/11536","2020-07-28T08:33:41Z","https://choosealicense.com/licenses/lgpl-3.0/",2,0,0,3,2,0,2,1,0,4,1,0,3,1,1,1,4,"10.14279/depositonce-10420"
"oai:depositonce.tu-berlin.de:11303/5992","2016-11-18T12:06:03Z","https://creativecommons.org/licenses/by-nc-sa/3.0/",1,0,0,3,1,0,2,1,0,0,1,0,6,1,1,1,4,"10.14279/depositonce-5579"
"oai:depositonce.tu-berlin.de:11303/11261","2020-07-13T09:09:55Z","https://cdla.io/permissive-1-0/",4,0,0,3,3,0,2,1,0,1,1,0,5,1,1,1,4,"10.14279/depositonce-10149"
